{
  "recipes": [
    {
      "titulo": "Ovo Frito",
      "desc": "Faça na sua casa um ovo, frito delecioso, rapido e pratico",
      "Infos": {
        "Info": {
          "Timer": "15min",
          "idTimer": 0,
          "Dificuldade": "Muito Simples",
          "idDificuldade": 0,
          "quantidade": "1 a 2",
          "idquantidade": 0
        }
      },
      "instruções": "Será necessario que você tenha uma frigideira para realizar os preparos e também tenha um fogão para aquercer o ovo",
      "Ingredient1": {
        "Ingredients": {
          "type": {
            "id": "16",
            "name": "Ovos"
          },
          "id": 1,
          "name": "Ovos",
          "medida": "(U)nidade"
        }
      },
      "Proceeding1": {
        "Proceeding": {
          "id": 1,
          "body": "Pegue sua manteita e jogue na frigideira e deixei aquecendo por aproximadamente 2min até que a manteiga ja tenha derretido"
        }
      },
      "Ingredient2": {
        "Ingredients": {
          "type": {
            "id": "23",
            "name": "Laticínios e Alternativas"
          },
          "id": 2,
          "name": "Manteiga",
          "medida": "colher(es)chá"
        }
      },
      "Proceeding2": {
        "Proceeding": {
          "id": 2,
          "body": "Agorá Pegue o Ovos, e quebreous "
        }
      },
      "Proceeding3": {
        "Proceeding": {
          "id": 3,
          "body": "Agora basta colocar o ovo na frigideira que esta com a manteiga"
        }
      },
      "Proceeding4": {
        "Proceeding": {
          "id": 4,
          "body": "Agora basta esperar fritar e comer "
        }
      },
      "id": 1
    }
  ],
  "TypesIngredients": [
    {
      "id": 1,
      "type": "Legumes e Vegetais",
      "icon": "FaCarrot"
    },
    {
      "id": 2,
      "type": "Carnes e Aves",
      "icon": "FaDrumstickBite"
    },
    {
      "id": 3,
      "type": "Peixes e Frutos do Mar",
      "icon": "FaFish"
    },
    {
      "id": 4,
      "type": "Laticínios",
      "icon": "FaCheese"
    },
    {
      "id": 5,
      "type": "Grãos e Cereais",
      "icon": "FaWheat"
    },
    {
      "id": 6,
      "type": "Temperos e Condimentos",
      "icon": "FaPepperHot"
    },
    {
      "id": 7,
      "type": "Molhos e Caldos",
      "icon": "FaSoup"
    },
    {
      "id": 8,
      "type": "Frutas",
      "icon": "FaAppleAlt"
    },
    {
      "id": 9,
      "type": "Nozes e Sementes",
      "icon": "FaPeanuts"
    },
    {
      "id": 10,
      "type": "Adoçantes",
      "icon": "FaCandyCane"
    },
    {
      "id": 11,
      "type": "Especiarias",
      "icon": "FaPepperSalt"
    },
    {
      "id": 12,
      "type": "Pães e Massas",
      "icon": "FaBreadSlice"
    },
    {
      "id": 13,
      "type": "Ervas Aromáticas",
      "icon": "FaLeaf"
    },
    {
      "id": 14,
      "type": "Óleos e Vinagres",
      "icon": "FaOilCan"
    },
    {
      "id": 15,
      "type": "Cogumelos",
      "icon": "FaMushroom"
    },
    {
      "id": 16,
      "type": "Ovos",
      "icon": "FaEgg"
    },
    {
      "id": 17,
      "type": "Cereais Matinais",
      "icon": "FaBowl"
    },
    {
      "id": 18,
      "type": "Aromatizantes Naturais",
      "icon": "FaLeaf"
    },
    {
      "id": 19,
      "type": "Proteínas",
      "icon": "FaSteak"
    },
    {
      "id": 20,
      "type": "Condimentos e Molhos",
      "icon": "FaHotSauce"
    },
    {
      "id": 21,
      "type": "Bebidas",
      "icon": "FaCocktail"
    },
    {
      "id": 22,
      "type": "Açúcares e Adoçantes",
      "icon": "FaSugar"
    },
    {
      "id": 23,
      "type": "Laticínios e Alternativas",
      "icon": "FaMilkBottle"
    },
    {
      "id": 24,
      "type": "Farinhas e Amidos",
      "icon": "FaBreadLoaf"
    },
    {
      "id": 25,
      "type": "Gorduras e Óleos",
      "icon": "FaBacon"
    },
    {
      "id": 26,
      "type": "Sementes e Oleaginosas",
      "icon": "FaSeedling"
    },
    {
      "id": 27,
      "type": "Frutos Secos",
      "icon": "FaCashew"
    },
    {
      "id": 28,
      "type": "Ervas e Especiarias",
      "icon": "FaSpiceBottle"
    },
    {
      "id": 29,
      "type": "Enlatados e Conservas",
      "icon": "FaCan"
    },
    {
      "id": 30,
      "type": "Grãos e Cereais Integrais",
      "icon": "FaWheat"
    },
    {
      "id": 31,
      "type": "Derivados do Mar",
      "icon": "FaFish"
    },
    {
      "id": 32,
      "type": "Produtos de Panificação",
      "icon": "FaBreadSlice"
    },
    {
      "id": 33,
      "type": "Doces e Sobremesas",
      "icon": "FaIceCream"
    },
    {
      "id": 34,
      "type": "Vegetais de Raiz",
      "icon": "FaCarrot"
    },
    {
      "id": 35,
      "type": "Frutas Tropicais",
      "icon": "FaPineapple"
    },
    {
      "id": 36,
      "type": "Frutas Vermelhas",
      "icon": "FaRaspberry"
    },
    {
      "id": 37,
      "type": "Frutas Cítricas",
      "icon": "FaLemon"
    },
    {
      "id": 38,
      "type": "Frutas Secas",
      "icon": "FaAppleAlt"
    },
    {
      "id": 39,
      "type": "Folhas Verdes",
      "icon": "FaLeaf"
    },
    {
      "id": 40,
      "type": "Carnes Vermelhas",
      "icon": "FaSteak"
    },
    {
      "id": 41,
      "type": "Carnes Brancas",
      "icon": "FaDrumstickBite"
    },
    {
      "id": 42,
      "type": "Embutidos",
      "icon": "FaBacon"
    },
    {
      "id": 43,
      "type": "Peixes Gordos",
      "icon": "FaFish"
    },
    {
      "id": 44,
      "type": "Peixes Magros",
      "icon": "FaFish"
    },
    {
      "id": 45,
      "type": "Mariscos",
      "icon": "FaFish"
    },
    {
      "id": 46,
      "type": "Laticínios Frescos",
      "icon": "FaCheese"
    },
    {
      "id": 47,
      "type": "Queijos",
      "icon": "FaCheese"
    },
    {
      "id": 48,
      "type": "Leite e Derivados",
      "icon": "FaMilk"
    },
    {
      "id": 49,
      "type": "Ovos e Derivados",
      "icon": "FaEgg"
    },
    {
      "id": 50,
      "type": "Massas",
      "icon": "FaHamburger"
    },
    {
      "id": 51,
      "type": "Pães",
      "icon": "FaBreadSlice"
    },
    {
      "id": 52,
      "type": "Cereais",
      "icon": "FaWheat"
    },
    {
      "id": 53,
      "type": "Arroz",
      "icon": "FaRice"
    },
    {
      "id": 54,
      "type": "Farinhas",
      "icon": "FaBreadLoaf"
    },
    {
      "id": 55,
      "type": "Açúcares",
      "icon": "FaSugar"
    },
    {
      "id": 56,
      "type": "Adoçantes Naturais",
      "icon": "FaCandyCane"
    },
    {
      "id": 57,
      "type": "Mel e Xaropes",
      "icon": "FaHoneyPot"
    },
    {
      "id": 58,
      "type": "Óleos",
      "icon": "FaOilCan"
    },
    {
      "id": 59,
      "type": "Vinagres",
      "icon": "FaVial"
    },
    {
      "id": 60,
      "type": "Molhos",
      "icon": "FaSoup"
    },
    {
      "id": 61,
      "type": "Condimentos",
      "icon": "FaPepperHot"
    },
    {
      "id": 62,
      "type": "Ervas",
      "icon": "FaLeaf"
    },
    {
      "id": 63,
      "type": "Especiarias",
      "icon": "FaPepperSalt"
    },
    {
      "id": 64,
      "type": "Sementes",
      "icon": "FaSeedling"
    },
    {
      "id": 65,
      "type": "Nozes",
      "icon": "FaPeanuts"
    },
    {
      "id": 66,
      "type": "Cogumelos",
      "icon": "FaMushroom"
    },
    {
      "id": 67,
      "type": "Leguminosas",
      "icon": "FaBeans"
    },
    {
      "id": 68,
      "type": "Grãos Integrais",
      "icon": "FaWheat"
    },
    {
      "id": 69,
      "type": "Frutas Frescas",
      "icon": "FaAppleAlt"
    },
    {
      "id": 70,
      "type": "Frutas Congeladas",
      "icon": "FaSnowflake"
    },
    {
      "id": 71,
      "type": "Frutas em Conserva",
      "icon": "FaPrescriptionBottle"
    }
  ]
}